features,model,fold,n_train,n_test,MAE,RMSE,MAPE%
base,ridge,2025-01,42486,4837,138.9882062038275,172.11349569919912,6.156244549480402
base,hgb_small,2025-01,42486,4837,145.18470718058634,176.7607761830877,6.420308363047582
base,hybrid,2025-01,42486,4837,146.85302024122169,178.30915888281368,6.494217450729993
base,ridge,2025-02,43043,4280,99.82067689109967,127.32146762513926,4.388176266453009
base,hgb_small,2025-02,43043,4280,103.12748834421089,129.26583769311972,4.497970382690523
base,hybrid,2025-02,43043,4280,101.24286915141964,126.99650546127486,4.427792951356769
base,ridge,2025-03,42358,4965,50.04405544386507,73.30241071612194,2.0928156759172105
base,hgb_small,2025-03,42358,4965,45.848131633719746,68.28966880305666,1.9101773449072563
base,hybrid,2025-03,42358,4965,52.85741682194597,78.91273595137993,2.1588530556958245
base,ridge,2025-04,42570,4753,44.2696789119217,64.51155851456438,1.8542786659134416
base,hgb_small,2025-04,42570,4753,45.102917956555004,64.43483833878415,1.8956005851466358
base,hybrid,2025-04,42570,4753,45.67622283389118,64.81767600755265,1.920082965641481
base,ridge,2025-05,42472,4851,68.40958380359622,95.10844929593603,2.751295395548293
base,hgb_small,2025-05,42472,4851,81.34824733788356,106.8564793143577,3.2716507934471872
base,hybrid,2025-05,42472,4851,91.39060472713203,117.2042607514178,3.6673980884742234
base,ridge,2025-06,42603,4720,130.01197896839182,166.3053839194913,5.135922232266717
base,hgb_small,2025-06,42603,4720,133.40646237915254,166.98695557627426,5.299440552697488
base,hybrid,2025-06,42603,4720,135.40027120299325,168.6003805214644,5.381232400383556
base,ridge,2025-07,42476,4847,73.63782500379524,102.0367760832403,2.992418067033226
base,hgb_small,2025-07,42476,4847,70.93834452774357,96.81987452456268,2.884923281221979
base,hybrid,2025-07,42476,4847,71.56027383884253,97.4812871013267,2.9064159540300767
base,ridge,2025-08,42632,4691,47.35386388324125,69.0353473621202,2.014989062466195
base,hgb_small,2025-08,42632,4691,46.695336919263234,68.82275129711228,1.9714037720959074
base,hybrid,2025-08,42632,4691,48.09424824065716,70.56578491311555,2.0350300870199236
base,ridge,2025-09,42717,4606,45.2486747595242,67.48154723191789,1.9067525956122235
base,hgb_small,2025-09,42717,4606,44.08978987552732,64.85685282965662,1.874145175768252
base,hybrid,2025-09,42717,4606,52.10304897817562,75.3830110924531,2.1776273346794306
base,ridge,2025-10,42550,4773,43.308443081999954,62.61693975701639,1.858068816991735
base,hgb_small,2025-10,42550,4773,51.05469647537505,71.87824597385544,2.212366643849843
base,hybrid,2025-10,42550,4773,66.11622247884215,89.58023299529486,2.846043899369029
quote,ridge,2025-01,42486,4837,126.43617067156272,152.8410952657885,5.84608948033525
quote,hgb_small,2025-01,42486,4837,98.88430967723127,127.47782764579117,4.41963044497661
quote,hybrid,2025-01,42486,4837,83.21378064911013,110.29600268713502,3.631187941695387
quote,twostage,2025-01,42486,4837,53.479781703836416,82.4305531323804,2.3339335448791085
quote,twostage_shrunk,2025-01,42486,4837,94.32773675823303,121.27933064785707,4.1587044175780425
quote,ridge,2025-02,43043,4280,88.3247703161655,109.62348489883114,4.105644836107092
quote,hgb_small,2025-02,43043,4280,61.88406896640149,84.62053835102017,2.781550960989321
quote,hybrid,2025-02,43043,4280,45.051863391450034,65.54639218297149,1.9464832293706678
quote,twostage,2025-02,43043,4280,20.558256101741318,29.848010656081186,0.8938639185758901
quote,twostage_shrunk,2025-02,43043,4280,56.59406271869731,73.69063975642611,2.48765796761481
quote,ridge,2025-03,42358,4965,46.37595324050009,67.16143691255667,1.9904409483531234
quote,hgb_small,2025-03,42358,4965,35.01271198581717,52.98102892490052,1.4256191942999439
quote,hybrid,2025-03,42358,4965,29.910876952614487,45.2702514773943,1.2167099099866507
quote,twostage,2025-03,42358,4965,19.238831211651377,28.521052204197108,0.7934326926375378
quote,twostage_shrunk,2025-03,42358,4965,30.80909022650737,45.655363417481986,1.2795846735298795
quote,ridge,2025-04,42570,4753,53.641244566954256,84.76094582325985,2.107917281178036
quote,hgb_small,2025-04,42570,4753,45.38352994730399,67.93788864398638,1.8298990486805031
quote,hybrid,2025-04,42570,4753,41.75091363665207,62.25774428935702,1.720249981882647
quote,twostage,2025-04,42570,4753,31.872927796921687,47.06613157457242,1.3523514646366992
quote,twostage_shrunk,2025-04,42570,4753,35.6240176587887,52.3615221067858,1.4934682800565737
quote,ridge,2025-05,42472,4851,67.23885670452331,91.86323800585562,2.8197159531178064
quote,hgb_small,2025-05,42472,4851,53.36048560165804,77.87824426246462,2.1147831721475128
quote,hybrid,2025-05,42472,4851,50.02370291352721,74.33873507942766,1.9363401189321436
quote,twostage,2025-05,42472,4851,30.874054265667198,45.909433632907145,1.2419669420106803
quote,twostage_shrunk,2025-05,42472,4851,46.78097344340051,67.44254003582307,1.8550303697491781
quote,ridge,2025-06,42603,4720,131.5458070555037,163.86525156549965,5.447372067288358
quote,hgb_small,2025-06,42603,4720,101.74290040778045,132.85890572269932,4.047463278402931
quote,hybrid,2025-06,42603,4720,96.03133687648423,128.32271781380678,3.6752626133120367
quote,twostage,2025-06,42603,4720,41.744911973018816,60.28721751182412,1.5818088896384728
quote,twostage_shrunk,2025-06,42603,4720,85.63979045707703,112.05771073414596,3.347297859205573
quote,ridge,2025-07,42476,4847,74.97233926571066,104.51726578355634,3.0826026071670145
quote,hgb_small,2025-07,42476,4847,54.81701682695981,79.7993351362694,2.1672551738913937
quote,hybrid,2025-07,42476,4847,50.36066980164804,76.63705667404453,1.9740721247549904
quote,twostage,2025-07,42476,4847,35.49527427588086,51.68909603121962,1.445946572736911
quote,twostage_shrunk,2025-07,42476,4847,52.20111697062706,73.68058117162484,2.110832153838756
quote,ridge,2025-08,42632,4691,53.59954991484937,83.3886061827406,2.1625481408210425
quote,hgb_small,2025-08,42632,4691,91.23345781187062,127.25107930265112,4.413326561512403
quote,hybrid,2025-08,42632,4691,98.67870584279673,140.71779218234002,4.3353413170209025
quote,twostage,2025-08,42632,4691,53.92987940114137,78.84305230292658,2.3084316382303443
quote,twostage_shrunk,2025-08,42632,4691,47.748028951599345,70.84593335872933,1.969934732045348
quote,ridge,2025-09,42717,4606,44.39360428409319,65.91984953358924,1.897339213124379
quote,hgb_small,2025-09,42717,4606,33.072664299506485,49.274258796850624,1.3627655787075357
quote,hybrid,2025-09,42717,4606,25.925147165809804,38.839068517450876,1.072862852161428
quote,twostage,2025-09,42717,4606,18.30992130787724,26.926381976547017,0.7515838102639103
quote,twostage_shrunk,2025-09,42717,4606,27.16654831914593,40.73509092468585,1.1467739617719548
quote,ridge,2025-10,42550,4773,48.37780485302525,73.00011714495024,2.003006841421607
quote,hgb_small,2025-10,42550,4773,37.67406764059057,56.41733420053767,1.5797785709565904
quote,hybrid,2025-10,42550,4773,32.67499168024845,49.624969984867015,1.3658190388295186
quote,twostage,2025-10,42550,4773,30.90687140015718,46.3030890616983,1.3147503959158213
quote,twostage_shrunk,2025-10,42550,4773,31.503005306175325,46.159608091566355,1.3551579779217806
